bonnie1903@okon.name,Sr. Camila da Penha,(573) 724-9089
roosevelt_reynolds@feil.com,Otávio Paiva,814/533-4001
toni_johnson@schuster.biz,Dra. Mariah das Neves Filho,415-943-4602
clint.brown@dare.org,César Cavalcanti,300/681-8529
fay2031@bogisich.info,Sr. Matheus Caldas Filho,279/704-1110
suzanne.hegmann@hintz.biz,Gustavo Videira,3119078613
cristal1995@becker.name,Kauê Mendanha,944/288-0197
derrick.aufderhar@block.biz,Vicente Pinheira Jr.,5154231118
nicolette_jenkins@borer.name,Mirella Galvão,9248664737
alaina2063@littel.info,Camila Castelo Jr.,654.456.3992
freeda1909@bashirian.name,João Guilherme Ribeira,9589888708
agnes_cummings@langosh.biz,Milena Bulhões,(978) 603-6190
lavada1982@stanton.info,Dra. Gustavo Madeira Jr.,931-923-5764
price2040@ankunding.biz,Lorenzo Parreira Jr.,541.803.8339
alycia2023@pacocha.name,Yuri Sales,(571) 864-0501
victoria_crona@marquardt.com,Félix Caldeira,607.279.1034
eve.bechtelar@kemmer.name,Antonia Aroeira,565-727-3675
bessie1952@goodwin.biz,Dra. Isaac Costa Filho,562-874-7193
gerson.rowe@carter.org,Antonella Nogueira,480/968-9485
samantha2038@oconner.info,Enrico Barbosa,626.562.4810
earline_collier@bednar.net,Ana Luiza Espinhosa,(785) 769-7360
rita1992@prosacco.name,Clara Caldas,627.906.7670
ashton.fisher@predovic.org,Thomas Guterres,445.481.8176
nikita.tillman@turcotte.org,Ladislau da Barra,(616) 876-3309
rasheed.okuneva@jacobson.com,Lorenzo Oliveira,583/967-1994
brannon.hilpert@glover.biz,Davi Domingues,7273049443
korey2015@stark.com,Srta. João Vitor Ornelas,9037574303
jamil1944@schinner.com,Cecília Duarte,273/914-7807
jonatan1906@pfeffer.info,Luiz Henrique Porteira,502.632.9437
donna2031@aufderhar.org,Silas Hernandes,(576) 218-5398
darlene1980@pollich.net,João Resende,270/433-2183
pink_beier@toy.name,Davi Lucca Lessa,(280) 381-4361
karine2060@rippin.com,Rafael Bouças Neto,719.305.2979
viva1928@wiegand.org,Srta. Daniel Lobos,656-785-5421
lilly.walsh@hoppe.info,Marcia Assumpção,(210) 691-1314
retha1988@swift.biz,Eduardo Diegues,208-765-2399
camren.ernser@rowe.org,Ana Vitória Madeira,659/227-5864
duncan.batz@oconner.net,Dr. Milena Sá,452.742.3974
eldred2077@emmerich.info,Eloah Aparício,956/282-5015
connie2017@schulist.info,Bento Tavares Jr.,409.517.9597
cierra2032@veum.name,Henry Pinheira,819/428-8994
will.muller@oconnell.org,Sr. Laura Marques Jr.,(671) 991-4946
zola.schaden@ankunding.com,Dr. Bianca Soares,(746) 531-1756
chester2096@terry.org,Dra. Maria Luiza Almada,703/794-7914
waino.okuneva@wilderman.biz,Isabel Domingues,700-319-0339
brice_auer@macgyver.net,Bryan Bonfim,(389) 223-5896
garry1936@thiel.biz,Marina Paiva,(928) 236-3531
anya1965@abbott.com,José Rocha Neto,(722) 581-9216
jean1908@marks.name,Pedro Lucas Morais Jr.,270.855.3370
jony@jony.com,jony,123321
asd,asd,asd
asd,asd,asd
111,111,11
asddd,asddd,asddd
